# 21. Секционирование

## Домашнее задание

Секционирование таблицы

### Цель:

-   научиться секционировать таблицы.
  
### Описание/Пошаговая инструкция выполнения домашнего задания:

Секционировать большую таблицу из демо базы flights. 

> скачал отсюда https://postgrespro.com/community/demodb базу -   [demo-small-en.zip](https://edu.postgrespro.com/demo-small-en.zip)  (21 MB) — flight data for one month (DB size is about 300 MB),

> скопировал ее на сервер, дал права и восстановил базу

    root@artem-pg:/# cp /home/ailyuschenkoadm/demo-small-en-20170815.sql /tmp
    root@artem-pg:/# chown postgres:postgres /tmp/demo-small-en-20170815.sql
    root@artem-pg:/# su postgres
    postgres@artem-pg:/$ psql -f /tmp/demo-small-en-20170815.sql -U postgres

    postgres@artem-pg:/$ psql
    psql (16.4 (Ubuntu 16.4-1.pgdg22.04 | 1))
    Type "help" for help.
    postgres=# \l

                                                       List of databases
|    Name    |  Owner   | Encoding | Locale Provider |   Collate   |    Ctype    | ICU Locale | ICU Rules |   Access privileges           | 
| ----------- | ---------- | ---------- | ----------------- | ------------- | ------------- | ------------ | ----------- | -----------------------        | 
|  demo      | postgres | UTF8     | libc            | en_US.UTF-8 | en_US.UTF-8 |            |           |                               | 
|  postgres  | postgres | UTF8     | libc            | en_US.UTF-8 | en_US.UTF-8 |            |           |                               | 
|  template0 | postgres | UTF8     | libc            | en_US.UTF-8 | en_US.UTF-8 |            |           | =c/postgres           |         | 
|            |          |          |                 |             |             |            |           | postgres=CTc/postgres         | 
|  template1 | postgres | UTF8     | libc            | en_US.UTF-8 | en_US.UTF-8 |            |           | =c/postgres           |         | 
|            |          |          |                 |             |             |            |           | postgres=CTc/postgres         | 
(4 rows)

> смотрю какие таблицы существуют

demo=# \dt+ 
|                                                 List of relations                                                      |
|  Schema  |      Name       | Type  |  Owner   | Persistence | Access method |  Size   |        Description             |
|---------- | ----------------- | ------- | ---------- | ------------- | --------------- | --------- | ---------------------------     |
| bookings | aircrafts_data  | table | postgres | permanent   | heap          | 16 kB   | Aircrafts (internal data)      |
| bookings | airports_data   | table | postgres | permanent   | heap          | 56 kB   | Airports (internal data)       |
| bookings | boarding_passes | table | postgres | permanent   | heap          | 34 MB   | Boarding passes                |
| bookings | bookings        | table | postgres | permanent   | heap          | 13 MB   | Bookings                       |
| bookings | flights         | table | postgres | permanent   | heap          | 3168 kB | Flights                        |
| bookings | seats           | table | postgres | permanent   | heap          | 96 kB   | Seats                          |
| bookings | ticket_flights  | table | postgres | permanent   | heap          | 69 MB   | Flight segment                 |
| bookings | tickets         | table | postgres | permanent   | heap          | 48 MB   | Tickets                        |
(8 rows)


> Буду работать с таблицей flights

> Посмотрю количество уникальных дней в таблице

    select count (distinct (scheduled_departure)) from bookings.flights 

> вывод

    10365

> 10365 дней много для секционирования. Думал сделать один день одна секция.

> Посмотрю сколько годов в этой таблице, чтобы сделать один год одна секция

    SELECT COUNT(DISTINCT EXTRACT(YEAR FROM scheduled_departure)) AS year_count
    FROM bookings.flights ;

> вывод

    1

> в этой таблице есть данные только за один 2017 год.

> посмотрю сколько месяцев используется в этой таблице за 2017 год

    SELECT COUNT(DISTINCT EXTRACT(MONTH FROM scheduled_departure)) AS month_count
    FROM bookings.flights ;

> вывод

    3

> 3 это три месяца июль, август и сентябрь

> Попробую тогда сделать секции по месяцам. Для этого создам новую таблицу bookings.flights_partitioned


    CREATE TABLE bookings.flights_partitioned  (
    	flight_id serial4 NOT NULL,
    	flight_no bpchar(6) NOT NULL,
    	scheduled_departure timestamptz NOT NULL,
    	scheduled_arrival timestamptz NOT NULL,
    	departure_airport bpchar(3) NOT NULL,
    	arrival_airport bpchar(3) NOT NULL,
    	status varchar(20) NOT NULL,
    	aircraft_code bpchar(3) NOT NULL,
    	actual_departure timestamptz NULL,
    	actual_arrival timestamptz NULL
    ) PARTITION BY RANGE (scheduled_departure);

> Создам три партиции на июль, август и сентябрь

    CREATE TABLE flights_partitioned_2017_07 PARTITION OF bookings.flights_partitioned FOR VALUES FROM ('2017-07-01') TO ('2017-07-31');
    CREATE TABLE flights_partitioned_2017_08 PARTITION OF bookings.flights_partitioned FOR VALUES FROM ('2017-08-01') TO ('2017-08-31');
    CREATE TABLE flights_partitioned_2017_09 PARTITION OF bookings.flights_partitioned FOR VALUES FROM ('2017-09-01') TO ('2017-09-30');

> Проверю запросом все полеты за июль 2017

SELECT flight_id, flight_no, scheduled_departure, scheduled_arrival, departure_airport, arrival_airport, status, aircraft_code, actual_departure, actual_arrival FROM bookings.flights 
where  scheduled_departure between '2017-07-01 00:00:00.000 +0300 ' and '2017-07-31 23:59:59.000 +0300'


> пробую вставить в мою таблицу данные за июль 2017 года

    INSERT INTO bookings.flights_partitioned (flight_id, flight_no, scheduled_departure, scheduled_arrival, departure_airport, arrival_airport, status, aircraft_code, actual_departure, actual_arrival) 
    SELECT flight_id, flight_no, scheduled_departure, scheduled_arrival, departure_airport, arrival_airport, status, aircraft_code, actual_departure, actual_arrival FROM bookings.flights 
    where  scheduled_departure between '2017-07-01 00:00:00.000 +0300 ' and '2017-07-31 23:59:59.000 +0300'

> но получаю ошибку 

    SQL Error [23514]: ERROR: no partition of relation "flights_partitioned" found for row
      Detail: Partition key of the failing row contains (scheduled_departure) = (2017-07-31 12:25:00+03).

> По идее полеты на время 2017-07-31 12:25:00+03 это либо день, либо ночь и они должны входить в этот диапазон
> Но я соверил ошибку указав даты без времени при создании секционированной таблице

    CREATE TABLE bookings.flights_partitioned_2017_07 PARTITION OF bookings.flights_partitioned  FOR VALUES FROM ('2017-07-01 00:00:00+03') TO ('2017-07-31 00:00:00+03');

> Получается нужно изменять диапазоны во всех секционированных таблицах. Код не приложу, так как менял в DBeaver внутри родительской таблицы flights_partitioned.
> При попытке вставки полетов  за июль ошибка не ушла.
> Удалил секционированные таблицы и создал их по новой

    CREATE TABLE flights_partitioned_2017_07 PARTITION OF bookings.flights_partitioned FOR VALUES FROM ('2017-07-01 00:00:00+03') TO ('2017-08-01 00:00:00+03');
    CREATE TABLE flights_partitioned_2017_08 PARTITION OF bookings.flights_partitioned FOR VALUES FROM ('2017-08-01 00:00:00+03') TO ('2017-09-01 00:00:00+03');
    CREATE TABLE flights_partitioned_2017_09 PARTITION OF bookings.flights_partitioned FOR VALUES FROM ('2017-09-01 00:00:00+03') TO ('2017-10-01 00:00:00+03');

> и данные успешно стали вставляться в новую таблицу

    INSERT INTO bookings.flights_partitioned (flight_id, flight_no, scheduled_departure, scheduled_arrival, departure_airport, arrival_airport, status, aircraft_code, actual_departure, actual_arrival) 
    SELECT flight_id, flight_no, scheduled_departure, scheduled_arrival, departure_airport, arrival_airport, status, aircraft_code, actual_departure, actual_arrival 
    FROM bookings.flights 
    where  (scheduled_departure between '2017-07-01 00:00:00+03 ' and '2017-07-31 23:59:59+03') 

> смотрю количество записей за июль 2017

    select count(*) from bookings.flights_partitioned_2017_07

    8690

> Вставлюя данные за август и сентябрь

    INSERT INTO bookings.flights_partitioned (flight_id, flight_no, scheduled_departure, scheduled_arrival, departure_airport, arrival_airport, status, aircraft_code, actual_departure, actual_arrival) 
    SELECT flight_id, flight_no, scheduled_departure, scheduled_arrival, departure_airport, arrival_airport, status, aircraft_code, actual_departure, actual_arrival 
    FROM bookings.flights 
    where  (scheduled_departure between '2017-08-01 00:00:00+03 ' and '2017-09-01 00:00:00+03') 

    INSERT INTO bookings.flights_partitioned (flight_id, flight_no, scheduled_departure, scheduled_arrival, departure_airport, arrival_airport, status, aircraft_code, actual_departure, actual_arrival) 
    SELECT flight_id, flight_no, scheduled_departure, scheduled_arrival, departure_airport, arrival_airport, status, aircraft_code, actual_departure, actual_arrival 
    FROM bookings.flights 
    where  (scheduled_departure between '2017-09-01 00:00:00+03 ' and '2017-10-01 00:00:00+03') 

> смотрю количество записей за август и сентябрь 2017

    select count(*) from bookings.flights_partitioned_2017_08

    16835

    select count(*) from bookings.flights_partitioned_2017_09

    7596


> удаляю старую таблицу bookings.flights

    DROP TABLE bookings.flights CASCADE;


> Переименовываю свою секционированную таблицу flights_partitioned  в flights

    ALTER TABLE flights_partitioned RENAME TO flights;


> Теперь таблица секционирована, и данные автоматически попадут в нужные секции на основе столбца scheduled_departure. Только нужно будет заранее создать в ней новые партиции по другим месяцам